{
  "assetsByChunkName": {
    "vendors~app-account~app-confirmation~app-order": "chunk.489a21acbeda1f892b57.js",
    "vendors~app-account~app-checkout": "chunk.431b1239b4da639171ce.js",
    "vendors~app-cart~app-checkout": "chunk.ab9595d11c0b805fa6d6.js",
    "admin": [
      "admin.77a80cd9144cd07e37b7.js",
      "admin.77a80cd9144cd07e37b7.js.map"
    ],
    "app-account": "chunk.91a0b5752bdeb34f5887.js",
    "app-confirmation": "chunk.23439ddb595e71ae800e.js",
    "app-order": "chunk.615346a67a3f3c34bc96.js",
    "checkout": [
      "checkout.5f4eb746324897035fde.js",
      "checkout.5f4eb746324897035fde.js.map"
    ],
    "storefront": [
      "storefront.ca187828aeca1584b602.css",
      "storefront.5d9ec95ff6e519864b0e.js",
      "storefront.ca187828aeca1584b602.css.map",
      "storefront.5d9ec95ff6e519864b0e.js.map"
    ],
    "vendors~app-cart": "chunk.b5b2c61a111e3804eda1.js",
    "vendors~app-checkout": "chunk.8bffa2363d5ec968d94a.js"
  }
}