{
  "title": "Manuais Películas",
  "meta_title": "Película Aplicador",
  "meta_description": "Película Aplicador",
  "body": "<div><br><style>@import url(https://fonts.googleapis.com/css?family=Roboto:400,700&amp;display=swap);.main{padding-bottom:0 !important;} .product-page-content{padding:0;margin:0}#myTabContent{background-color:white;padding:0;margin:0}.imgAuto{width:100%;height:auto}.txtAuto{padding:50px 0;text-align:center}.title{padding-bottom:30px;letter-spacing:3px;font-size:2em;font-weight:700;text-transform:uppercase;font-family:Roboto,sans-serif}.text{font-size:1.4em;font-family:Roboto,sans-serif;padding:0 200px}@media (max-width: 1068px){.text{padding:0 50px !important;}}@media (min-width: 1068px){.text{padding:0 500px}}@media (min-width: 768px){.title{font-size:2.5em}}@media (max-width:600px){.desktop{display:none}}@media (min-width:600px){.mobile{display:none}}.text{padding:0 250px}}</style><div><img class=\"imgAuto desktop\" src=\"http://www.comercial.customic.com.br/news/imagens_site_customic/self_aplicator/desktop/Desk1.png\" alt=\"Película Self Applicator.\"></div><img class=\"imgAuto mobile\" src=\"http://www.comercial.customic.com.br/news/imagens_site_customic/self_aplicator/mobile/Mobile1.png\" alt=\"Película Self Applicator.\"><div><img class=\"imgAuto desktop\" src=\"http://www.comercial.customic.com.br/news/imagens_site_customic/self_aplicator/desktop/Desk2ok.png\" alt=\"Película Self Applicator.\"></div><img class=\"imgAuto mobile\" src=\"http://www.comercial.customic.com.br/news/imagens_site_customic/self_aplicator/mobile/Mobile2ok.png\" alt=\"Película Self Applicator.\"><div><div class=\"vsc-controller\" data-vscid=\"dinl091ps\"></div> <video class=\"imgAuto mobile\" muted=\"\" autoplay=\"\" loop=\"\" playsinline=\"\" src=\"http://www.comercial.customic.com.br/news/imagens_site_customic/self_aplicator/AplicacaoPelicula.mp4\" data-vscid=\"dinl091ps\"></video></div><div><div class=\"vsc-controller\" data-vscid=\"yqoo3bpuq\"></div> <video class=\"imgAuto desktop\" muted=\"\" autoplay=\"\" loop=\"\" playsinline=\"\" src=\"http://www.comercial.customic.com.br/news/imagens_site_customic/self_aplicator/AplicacaoPelicula.mp4\" data-vscid=\"yqoo3bpuq\"></video><img class=\"imgAuto desktop\" src=\"http://www.comercial.customic.com.br/news/imagens_site_customic/self_aplicator/desktop/Desk2okok.png\" alt=\"Película Self Applicator.\"></span></h2></div><img class=\"imgAuto mobile\" src=\"http://www.comercial.customic.com.br/news/imagens_site_customic/self_aplicator/mobile/Mobile2okok.png\" alt=\"Película Self Applicator.\"<div=\"\"><img class=\"imgAuto desktop\" src=\"http://www.comercial.customic.com.br/news/imagens_site_customic/self_aplicator/desktop/Desk3.png\" alt=\"Película Self Applicator.\"><img class=\"imgAuto mobile\" src=\"http://www.comercial.customic.com.br/news/imagens_site_customic/self_aplicator/mobile/Mobile3.png\" alt=\"Película Self Applicator.\"><img class=\"imgAuto desktop\" src=\"http://www.comercial.customic.com.br/news/imagens_site_customic/self_aplicator/desktop/Desk4.png\" alt=\"Película Self Applicator.\"><img class=\"imgAuto mobile\" src=\"http://www.comercial.customic.com.br/news/imagens_site_customic/self_aplicator/mobile/Mobile4.png\" alt=\"Película Self Applicator.\"><br><div><br></div><p><br></p><div><br></div><p><br></p>",
  "sections": []
}