{
  "meta_title": "Customic: Capa para Celular e Smartphones - Customic Capas Especiais",
  "meta_description": "São mais de 10 anos inovando. Capas com Proteção Militar certificadas, Capa Biodegradável Seed® Eco Case, Capinhas personalizadas para iPhone e linha smartphone Android, películas e acessórios. Customic é a melhor capa do Brasil.",
  "sections": [
    {
      "type": "banner-slider",
      "autoplay": 6000,
      "slides": [
        {
          "start": "",
          "end": "",
          "img": "/img/uploads/anyconv.com__carj62g.webp",
          "mobile_img": "/img/uploads/bhujxof.png",
          "link": "https://www.lab.customic.com.br/",
          "alt": "CustomicLab2021"
        },
        {
          "start": "",
          "end": "",
          "img": "/img/uploads/anyconv.com__05x8gtc.webp",
          "mobile_img": "/img/uploads/anyconv.com__qtjztz8.webp",
          "link": "https://www.instagram.com/customic/",
          "alt": "PYNW2021"
        },
        {
          "start": "",
          "end": "",
          "img": "/img/uploads/anyconv.com__nvyy0j9.webp",
          "link": "https://customic.com.br/capas-antibacteria",
          "mobile_img": "/img/uploads/antxw4j.png",
          "alt": "AntiBacteria2021"
        },
        {
          "start": "",
          "end": "",
          "img": "/img/uploads/anyconv.com__drc4jbs.webp",
          "mobile_img": "/img/uploads/mnvvki8.png",
          "link": "https://customic.com.br/impactor-ultra-fabric-all",
          "alt": "UltraFabric2021"
        },
        {
          "start": "",
          "end": "",
          "img": "/img/uploads/anyconv.com__mdfvc6q.webp",
          "link": "https://customic.com.br/impactor-flex-all",
          "mobile_img": "/img/uploads/anyconv.com__z9tr2of.webp",
          "alt": "ImpactorFlex2021"
        },
        {
          "img": "/img/uploads/anyconv.com__kdccxbc.webp",
          "mobile_img": "/img/uploads/anyconv.com__72wprvh.webp",
          "link": "https://customic.com.br/seed-eco-case-antibacteria",
          "alt": "SeedAntibac2021",
          "start": "",
          "end": ""
        },
        {
          "img": "/img/uploads/anyconv.com__p08ni4z.webp",
          "mobile_img": "/img/uploads/luei8c0.png",
          "alt": "popsocket2021",
          "start": "",
          "end": "",
          "link": "https://customic.com.br/popsockets"
        }
      ]
    },
    {
      "type": "collection-shelf",
      "shuffle": false,
      "limit": "",
      "page": "",
      "collection_id": "60ccf877d24de4526fa8aa4e:collections:Capas Especiais e Eco Cases Biodegradáveis:/capas-especiais-e-eco-cases-biodegradaveis",
      "sort": "slug",
      "title": "Capas Especiais e Eco Cases Biodegradáveis"
    },
    {
      "type": "collection-shelf",
      "shuffle": true,
      "limit": "",
      "page": "",
      "collection_id": "60ccb425d24de4526fa86db2:collections:Linha AntiBactéria Customic:/linha-antibacteria-customic",
      "sort": "news",
      "title": "Linha AntiBactéria Customic"
    },
    {
      "type": "custom-content",
      "markdown": "<div class=\"collectionID\"><h2 class=\"my-0\"><div style=\"text-align:center\">Coleções em Destaque</h2></div>"
    },
    {
      "type": "banners-grid",
      "banners": [
        {
          "img": "/img/uploads/anyconv.com__banner-produtoscapas1.webp",
          "link": "/todasascasesdeiphone/",
          "alt": "Capa Iphone",
          "mobile_img": "/img/uploads/anyconv.com__banner-produtoscapas1_.webp"
        },
        {
          "img": "/img/uploads/anyconv.com__banner-produtos-android2.webp",
          "link": "/todos-modelos-de-android/",
          "alt": "Capa Android",
          "mobile_img": "/img/uploads/anyconv.com__banner-produtos-android2__.webp"
        }
      ]
    },
    {
      "type": "banners-grid",
      "banners": [
        {
          "img": "/img/uploads/anyconv.com__banner-produtos-ipad3.webp",
          "link": "/ipad-e-macbook/",
          "alt": "Capa Ipad",
          "mobile_img": "/img/uploads/anyconv.com__banner-produtos-ipad3__.webp"
        },
        {
          "img": "/img/uploads/anyconv.com__banner-produtos-peliculas4.webp",
          "link": "/u_10009",
          "alt": "Película de proteção para celular",
          "mobile_img": "/img/uploads/anyconv.com__banner-produtos-peliculas4__.webp"
        }
      ]
    },
    {
      "type": "info-bar",
      "enabled": true
    },
    {
      "type": "collection-shelf",
      "shuffle": true,
      "limit": "",
      "page": "",
      "collection_id": "60871b81e875b03a408daf0c:categories:PopSockets:/popsockets",
      "sort": "news",
      "title": "PopSockets®, o Original chegou!"
    },
    {
      "type": "collection-shelf",
      "shuffle": true,
      "collection_id": "606c9f9333554a7d2d3cd8a3:collections:Linha Impactor de Proteção Militar:/linha-impactor-de-protecao-militar",
      "headless": false,
      "title": "Linha Impactor com Proteção Militar",
      "link": "",
      "sort": "slug",
      "page": ""
    },
    {
      "type": "custom-content",
      "markdown": "## **Veja mais em nosso Instagram: [@customic](https://www.instagram.com/customic/)**"
    },
    {
      "type": "responsive-banner",
      "img": "/img/uploads/anyconv.com__banner-instagram-v1.webp",
      "link": "https://www.instagram.com/customic/",
      "mobile_img": "/img/uploads/anyconv.com__banner-instagram-v1__.webp"
    }
  ]
}